{"cameraMode":{"drawMode":0,"name":"Shaded","section":"Shading Mode"},"sceneLighting":false,"audioPlay":false,"sceneViewState":{"showFog":true,"showMaterialUpdate":false,"showSkybox":false,"showFlares":true,"showImageEffects":true,"showParticleSystems":true},"in2DMode":false,"pivot":{"x":1.8703956604003907,"y":-1.0448007583618165,"z":-1.0440735816955567},"rotation":{"x":-0.20825313031673432,"y":0.3273582458496094,"z":-0.07418962568044663,"w":-0.918694257736206},"size":12.241158485412598,"orthographic":false}