{"cameraMode":{"drawMode":0,"name":"Shaded","section":"Shading Mode"},"sceneLighting":true,"audioPlay":false,"sceneViewState":{"showFog":true,"showMaterialUpdate":false,"showSkybox":true,"showFlares":true,"showImageEffects":true,"showParticleSystems":true},"in2DMode":false,"pivot":{"x":7.937385559082031,"y":44.00361633300781,"z":0.40780162811279299},"rotation":{"x":-0.22457854449748994,"y":0.27614280581474306,"z":-0.06650853157043457,"w":-0.9321643710136414},"size":10.316943168640137,"orthographic":false}