{"cameraMode":{"drawMode":0,"name":"Shaded","section":"Shading Mode"},"sceneLighting":true,"audioPlay":false,"sceneViewState":{"showFog":true,"showMaterialUpdate":false,"showSkybox":true,"showFlares":true,"showImageEffects":true,"showParticleSystems":true},"in2DMode":false,"pivot":{"x":220.60670471191407,"y":1.3378188610076905,"z":-0.4229176938533783},"rotation":{"x":-0.26035168766975405,"y":0.014484825544059277,"z":-0.0038871034048497679,"w":-0.9654199481010437},"size":13.736127853393555,"orthographic":false}